-- MySQL Script generated by MySQL Workbench
-- Wed Mar  2 18:01:28 2022
-- Model: New Model    Version: 1.0
-- MySQL Workbench Forward Engineering

SET @OLD_UNIQUE_CHECKS=@@UNIQUE_CHECKS, UNIQUE_CHECKS=0;
SET @OLD_FOREIGN_KEY_CHECKS=@@FOREIGN_KEY_CHECKS, FOREIGN_KEY_CHECKS=0;
SET @OLD_SQL_MODE=@@SQL_MODE, SQL_MODE='ONLY_FULL_GROUP_BY,STRICT_TRANS_TABLES,NO_ZERO_IN_DATE,NO_ZERO_DATE,ERROR_FOR_DIVISION_BY_ZERO,NO_ENGINE_SUBSTITUTION';

-- -----------------------------------------------------
-- Schema Shop
-- -----------------------------------------------------

-- -----------------------------------------------------
-- Schema Shop
-- -----------------------------------------------------
CREATE SCHEMA IF NOT EXISTS `Shop` DEFAULT CHARACTER SET utf8 ;
USE `Shop` ;

-- -----------------------------------------------------
-- Table `Shop`.`user_role`
-- -----------------------------------------------------
CREATE TABLE IF NOT EXISTS `Shop`.`user_role` (
  `role_id` INT NOT NULL AUTO_INCREMENT,
  `role_name` VARCHAR(45) NOT NULL,
  PRIMARY KEY (`role_id`),
  UNIQUE INDEX `role_id_UNIQUE` (`role_id` ASC) VISIBLE,
  UNIQUE INDEX `role_name_UNIQUE` (`role_name` ASC) VISIBLE)
ENGINE = InnoDB;


-- -----------------------------------------------------
-- Table `Shop`.`user`
-- -----------------------------------------------------
CREATE TABLE IF NOT EXISTS `Shop`.`user` (
  `user_id` INT NOT NULL AUTO_INCREMENT,
  `first_name` VARCHAR(45) NOT NULL,
  `last_name` VARCHAR(45) NOT NULL,
  `email` VARCHAR(45) NOT NULL,
  `password` VARCHAR(100) NOT NULL,
  `receive_newsletters` TINYINT(1) NOT NULL,
  `role_id` INT NOT NULL,
  `failed_signin_cnt` INT NOT NULL,
  `user_ban_date` TIMESTAMP NULL,
  PRIMARY KEY (`user_id`),
  UNIQUE INDEX `id_UNIQUE` (`user_id` ASC) INVISIBLE,
  UNIQUE INDEX `email_UNIQUE` (`email` ASC) VISIBLE,
  INDEX `role_idx` (`role_id` ASC) VISIBLE,
  CONSTRAINT `role`
    FOREIGN KEY (`role_id`)
    REFERENCES `Shop`.`user_role` (`role_id`)
    ON DELETE CASCADE
    ON UPDATE CASCADE)
ENGINE = InnoDB;


-- -----------------------------------------------------
-- Table `Shop`.`category`
-- -----------------------------------------------------
CREATE TABLE IF NOT EXISTS `Shop`.`category` (
  `category_id` INT NOT NULL AUTO_INCREMENT,
  `category_name` VARCHAR(45) NOT NULL,
  PRIMARY KEY (`category_id`),
  UNIQUE INDEX `category_id_UNIQUE` (`category_id` ASC) INVISIBLE,
  UNIQUE INDEX `category_name_UNIQUE` (`category_name` ASC) VISIBLE)
ENGINE = InnoDB;


-- -----------------------------------------------------
-- Table `Shop`.`manufacturer`
-- -----------------------------------------------------
CREATE TABLE IF NOT EXISTS `Shop`.`manufacturer` (
  `manufacturer_id` INT NOT NULL AUTO_INCREMENT,
  `manufacturer_name` VARCHAR(45) NOT NULL,
  PRIMARY KEY (`manufacturer_id`),
  UNIQUE INDEX `manufacturer_id_UNIQUE` (`manufacturer_id` ASC) INVISIBLE,
  UNIQUE INDEX `manufacturer_name_UNIQUE` (`manufacturer_name` ASC) VISIBLE)
ENGINE = InnoDB;


-- -----------------------------------------------------
-- Table `Shop`.`product`
-- -----------------------------------------------------
CREATE TABLE IF NOT EXISTS `Shop`.`product` (
  `product_id` INT NOT NULL AUTO_INCREMENT,
  `product_name` VARCHAR(45) NOT NULL,
  `product_price` INT NOT NULL,
  `product_description` VARCHAR(300) NOT NULL,
  `category_id` INT NOT NULL,
  `manufacturer_id` INT NOT NULL,
  PRIMARY KEY (`product_id`),
  UNIQUE INDEX `product_id_UNIQUE` (`product_id` ASC) VISIBLE,
  INDEX `category_idx` (`category_id` ASC) VISIBLE,
  INDEX `manufacturer_idx` (`manufacturer_id` ASC) VISIBLE,
  CONSTRAINT `category`
    FOREIGN KEY (`category_id`)
    REFERENCES `Shop`.`category` (`category_id`)
    ON DELETE CASCADE
    ON UPDATE CASCADE,
  CONSTRAINT `manufacturer`
    FOREIGN KEY (`manufacturer_id`)
    REFERENCES `Shop`.`manufacturer` (`manufacturer_id`)
    ON DELETE CASCADE
    ON UPDATE CASCADE)
ENGINE = InnoDB;


-- -----------------------------------------------------
-- Table `Shop`.`order_status`
-- -----------------------------------------------------
CREATE TABLE IF NOT EXISTS `Shop`.`order_status` (
  `order_status_id` INT NOT NULL AUTO_INCREMENT,
  `order_status_name` VARCHAR(45) NOT NULL,
  PRIMARY KEY (`order_status_id`),
  UNIQUE INDEX `order_status_id_UNIQUE` (`order_status_id` ASC) VISIBLE,
  UNIQUE INDEX `order_status_name_UNIQUE` (`order_status_name` ASC) VISIBLE)
ENGINE = InnoDB;


-- -----------------------------------------------------
-- Table `Shop`.`order`
-- -----------------------------------------------------
CREATE TABLE IF NOT EXISTS `Shop`.`order` (
  `order_id` INT NOT NULL AUTO_INCREMENT,
  `user_id` INT NOT NULL,
  `order_status_id` INT NOT NULL,
  `order_status_details` VARCHAR(100) NULL,
  `order_date` TIMESTAMP NOT NULL DEFAULT CURRENT_TIMESTAMP,
  PRIMARY KEY (`order_id`),
  UNIQUE INDEX `order_id_UNIQUE` (`order_id` ASC) VISIBLE,
  INDEX `user_id_idx` (`user_id` ASC) VISIBLE,
  INDEX `order_status_idx` (`order_status_id` ASC) VISIBLE,
  CONSTRAINT `user`
    FOREIGN KEY (`user_id`)
    REFERENCES `Shop`.`user` (`user_id`)
    ON DELETE CASCADE
    ON UPDATE CASCADE,
  CONSTRAINT `order_status`
    FOREIGN KEY (`order_status_id`)
    REFERENCES `Shop`.`order_status` (`order_status_id`)
    ON DELETE CASCADE
    ON UPDATE CASCADE)
ENGINE = InnoDB;


-- -----------------------------------------------------
-- Table `Shop`.`order_product`
-- -----------------------------------------------------
CREATE TABLE IF NOT EXISTS `Shop`.`order_product` (
  `order_id` INT NOT NULL,
  `product_id` INT NOT NULL,
  `product_count` INT NOT NULL,
  `product_price` INT NOT NULL,
  PRIMARY KEY (`order_id`, `product_id`),
  INDEX `order_id1_idx` (`order_id` ASC) VISIBLE,
  INDEX `product_id1_idx` (`product_id` ASC) VISIBLE,
  CONSTRAINT `product`
    FOREIGN KEY (`product_id`)
    REFERENCES `Shop`.`product` (`product_id`)
    ON DELETE CASCADE
    ON UPDATE CASCADE,
  CONSTRAINT `order`
    FOREIGN KEY (`order_id`)
    REFERENCES `Shop`.`order` (`order_id`)
    ON DELETE CASCADE
    ON UPDATE CASCADE)
ENGINE = InnoDB;


SET SQL_MODE=@OLD_SQL_MODE;
SET FOREIGN_KEY_CHECKS=@OLD_FOREIGN_KEY_CHECKS;
SET UNIQUE_CHECKS=@OLD_UNIQUE_CHECKS;

INSERT INTO user_role VALUES (1, 'admin');
INSERT INTO user_role VALUES (2, 'user');

INSERT INTO `user` VALUES (1, 'Yehor', 'Zanochkyn', 'Yehor.Zanochkyn@gmail.com', 'asdf1Gas', 0, 1, 0, NULL);

INSERT INTO manufacturer VALUES (1, 'Apple');
INSERT INTO manufacturer VALUES (2, 'Xiaomi');
INSERT INTO manufacturer VALUES (3, 'Microsoft');
INSERT INTO manufacturer VALUES (4, 'Asus');
INSERT INTO manufacturer VALUES (5, 'Razer');

INSERT INTO category VALUES (1, 'Gaming');
INSERT INTO category VALUES (2, 'Ultrabook');
INSERT INTO category VALUES (3, 'For work and study');
INSERT INTO category VALUES (4, 'Transformer');

INSERT INTO product VALUES (1, 'Apple MacBook Pro 16" M1 Max 1TB 2021', 3499, 'Screen 16.2" Liquid Retina XDR (3456x2234) 120 Hz, glossy / Apple M1 Max / RAM 32 GB / SSD 1 TB / Apple M1 Max Graphics (32 cores) / no OD / Wi-Fi / Bluetooth / webcam / macOS Monterey / 2.2 kg / gray', 3, 1);
INSERT INTO product VALUES (2, 'Apple MacBook Air 13" M1 256GB 2020', 999, 'Screen 13.3" Retina (2560x1600) WQXGA, glossy / Apple M1 / RAM 8 GB / SSD 256 GB / Apple M1 Graphics / Wi-Fi / Bluetooth / macOS Big Sur / 1.29 kg / gray', 2, 1);
INSERT INTO product VALUES (3, 'Xiaomi Mi NoteBook Pro 14"', 999, 'Screen 14" IPS (2560x1600) WQXGA, glossy / Intel Core i7-11370H (3.3 - 4.8 GHz) / RAM 16 GB / SSD 512 GB / nVidia GeForce MX450, 2 GB / without OD / Wi-Fi / Bluetooth / webcam / Windows 10 Home 64bit / 1.5 kg / silver', 3, 2);
INSERT INTO product VALUES (4, 'Xiaomi Mi Gaming Laptop 15.6', 1499, 'Screen 15.6" IPS (1920x1080) Full HD, matte, 144 Hz / Intel Core i7-9750H (2.6 - 4.5 GHz) / RAM 16 GB / SSD 512 GB / nVidia GeForce RTX 2060, 6 GB / without OD / Wi-Fi / Bluetooth / webcam / Windows 10 Home / 2.6 kg / black', 1, 2);
INSERT INTO product VALUES (5, 'Microsoft Surface Laptop Studio', 2000, 'Screen 14.4" IPS (2400x1600) 120 Hz, Multitouch, glossy / Intel Core i7-11370H (3.3 - 4.8 GHz) / RAM 16 GB / SSD 512 GB / nVidia GeForce RTX 3050 Ti, 4 GB / without OD / Wi-Fi / Bluetooth / webcam / Windows 11 Home / 1.73 kg / platinum', 4, 3);
INSERT INTO product VALUES (6, 'Microsoft Surface Laptop 4', 1299, 'Screen 13.5" IPS (2256x1504) Multitouch, glossy / Intel Core i5-1135G7 (4.2 GHz) / RAM 8 GB / SSD 512 GB / Intel Iris Xe Graphics / no OD / Wi-Fi / Bluetooth / webcam / Windows 10 Home / 1.28 kg / golden', 2, 3);
INSERT INTO product VALUES (7, 'ASUS ZenBook Flip 13 OLED', 1699, 'Screen 13.3" OLED (1920x1080) Full HD, Multi-touch, glossy / Intel Core i7-1165G7 (2.8 - 4.7 GHz) / RAM 16 GB / SSD 1 TB / Intel Iris Xe / no OD / Wi-Fi / Bluetooth / web -camera / Windows 11 Home / 1.3 kg / gray / case + stylus', 4, 4);
INSERT INTO product VALUES (8, 'ASUS ROG Strix SCAR 15', 3799, 'Screen 15.6" IPS (2560x1440) WQHD 240 Hz, matte / Intel Core i9-12900H (3.8 - 5.0 GHz) / RAM 32 GB / SSD 1 TB / nVidia GeForce RTX 3080 Ti, 16 GB / without OD / LAN / Wi-Fi / Bluetooth / Windows 11 Home / 2.3 kg / black', 1, 4);
INSERT INTO product VALUES (9, 'Razer Blade Stealth 13', 1399, 'Screen 13.3" IPS (1920x1080) Full HD 120 Hz, matte / Intel Core i7-1165G7 (2.8 - 4.7 GHz) / RAM 16 GB / SSD 512 GB / nVidia GeForce GTX 1650 Ti Max-Q, 4 GB / without OD / Wi-Fi / Bluetooth / Webcam / Windows 10 Home 64bit / 1.41kg / Black', 2, 5);
INSERT INTO product VALUES (10, 'Razer Blade Pro 17', 2999, 'Screen 17.3" IPS (1920x1080) Full HD, matte / Intel Core i7-9750H (2.6 - 4.5 GHz) / RAM 16 GB / SSD 512 GB / nVidia GeForce RTX 2080, 8 GB / without OD / LAN / Wi-Fi / Bluetooth / webcam / Windows 10 / 2.7 kg / black', 3, 5);

INSERT INTO order_status VALUES (1, 'accepted');
INSERT INTO order_status VALUES (2, 'confirmed');
INSERT INTO order_status VALUES (3, 'formed');
INSERT INTO order_status VALUES (4, 'sent');
INSERT INTO order_status VALUES (5, 'completed');
INSERT INTO order_status VALUES (6, 'canceled');